method,oof_auc,avg_precision,precision_at_10,recall_at_10,fold_auc_std
scale_pos_weight,0.983260756208552,0.9092376808806167,0.9051428571428571,0.713939152913104,0.0003258150810139694
random_undersampling,0.981981141676449,0.9006884631745442,0.9018487394957984,0.711340889507523,0.0003273703780125701
SMOTE,0.9828803734422967,0.9098445706787607,0.9037983193277311,0.7128786372373567,0.0003375686415639349
